600.00,2.7778e-06
601.54,2.7636e-06
603.08,2.7495e-06
604.63,2.7354e-06
606.18,2.7214e-06
607.74,2.7075e-06
609.29,2.6937e-06
610.86,2.6799e-06
612.42,2.6662e-06
614.00,2.6526e-06
615.57,2.6390e-06
617.15,2.6255e-06
618.73,2.6121e-06
620.32,2.5988e-06
621.91,2.5855e-06
623.51,2.5723e-06
625.11,2.5591e-06
626.71,2.5460e-06
628.32,2.5330e-06
629.93,2.5201e-06
631.55,2.5072e-06
633.17,2.4944e-06
634.79,2.4816e-06
636.42,2.4690e-06
638.05,2.4563e-06
639.69,2.4438e-06
641.33,2.4313e-06
642.97,2.4189e-06
644.62,2.4065e-06
646.28,2.3942e-06
647.93,2.3820e-06
649.60,2.3698e-06
651.26,2.3577e-06
652.93,2.3456e-06
654.61,2.3337e-06
656.29,2.3217e-06
657.97,2.3099e-06
659.66,2.2981e-06
661.35,2.2863e-06
663.05,2.2746e-06
664.75,2.2630e-06
666.45,2.2514e-06
668.16,2.2399e-06
669.88,2.2285e-06
671.60,2.2171e-06
673.32,2.2058e-06
675.05,2.1945e-06
676.78,2.1833e-06
678.52,2.1721e-06
680.26,2.1610e-06
682.00,2.1500e-06
683.75,2.1390e-06
685.50,2.1280e-06
687.26,2.1172e-06
689.03,2.1063e-06
690.79,2.0956e-06
692.57,2.0849e-06
694.34,2.0742e-06
696.12,2.0636e-06
697.91,2.0531e-06
699.70,2.0426e-06
701.49,2.0321e-06
703.29,2.0217e-06
705.10,2.0114e-06
706.91,2.0011e-06
708.72,1.9909e-06
710.54,1.9807e-06
712.36,1.9706e-06
714.19,1.9605e-06
716.02,1.9505e-06
717.86,1.9405e-06
719.70,1.9306e-06
721.55,1.9208e-06
723.40,1.9109e-06
725.25,1.9012e-06
727.11,1.8915e-06
728.98,1.8818e-06
730.85,1.8722e-06
732.72,1.8626e-06
734.60,1.8531e-06
736.49,1.8436e-06
738.38,1.8342e-06
740.27,1.8248e-06
742.17,1.8155e-06
744.07,1.8062e-06
745.98,1.7970e-06
747.90,1.7878e-06
749.81,1.7787e-06
751.74,1.7696e-06
753.67,1.7605e-06
755.60,1.7515e-06
757.54,1.7426e-06
759.48,1.7337e-06
761.43,1.7248e-06
763.38,1.7160e-06
765.34,1.7072e-06
767.30,1.6985e-06
769.27,1.6898e-06
771.25,1.6812e-06
773.22,1.6726e-06
775.21,1.6640e-06
777.20,1.6555e-06
779.19,1.6471e-06
781.19,1.6387e-06
783.19,1.6303e-06
785.20,1.6219e-06
787.22,1.6137e-06
789.24,1.6054e-06
791.26,1.5972e-06
793.29,1.5890e-06
795.33,1.5809e-06
797.37,1.5728e-06
799.41,1.5648e-06
801.46,1.5568e-06
803.52,1.5488e-06
805.58,1.5409e-06
807.65,1.5331e-06
809.72,1.5252e-06
811.80,1.5174e-06
813.88,1.5097e-06
815.97,1.5020e-06
818.06,1.4943e-06
820.16,1.4866e-06
822.26,1.4790e-06
824.37,1.4715e-06
826.49,1.4640e-06
828.61,1.4565e-06
830.73,1.4490e-06
832.86,1.4416e-06
835.00,1.4343e-06
837.14,1.4269e-06
839.29,1.4196e-06
841.44,1.4124e-06
843.60,1.4052e-06
845.76,1.3980e-06
847.93,1.3908e-06
850.11,1.3837e-06
852.29,1.3767e-06
854.48,1.3696e-06
856.67,1.3626e-06
858.87,1.3557e-06
861.07,1.3487e-06
863.28,1.3418e-06
865.49,1.3350e-06
867.71,1.3282e-06
869.94,1.3214e-06
872.17,1.3146e-06
874.41,1.3079e-06
876.65,1.3012e-06
878.90,1.2946e-06
881.15,1.2879e-06
883.41,1.2814e-06
885.68,1.2748e-06
887.95,1.2683e-06
890.23,1.2618e-06
892.51,1.2554e-06
894.80,1.2489e-06
897.10,1.2426e-06
899.40,1.2362e-06
901.71,1.2299e-06
904.02,1.2236e-06
906.34,1.2174e-06
908.67,1.2111e-06
911.00,1.2049e-06
913.33,1.1988e-06
915.68,1.1927e-06
918.03,1.1866e-06
920.38,1.1805e-06
922.74,1.1745e-06
925.11,1.1685e-06
927.48,1.1625e-06
929.86,1.1565e-06
932.25,1.1506e-06
934.64,1.1448e-06
937.04,1.1389e-06
939.44,1.1331e-06
941.85,1.1273e-06
944.27,1.1215e-06
946.69,1.1158e-06
949.12,1.1101e-06
951.55,1.1044e-06
953.99,1.0988e-06
956.44,1.0932e-06
958.89,1.0876e-06
961.35,1.0820e-06
963.82,1.0765e-06
966.29,1.0710e-06
968.77,1.0655e-06
971.26,1.0601e-06
973.75,1.0546e-06
976.24,1.0493e-06
978.75,1.0439e-06
981.26,1.0386e-06
983.78,1.0333e-06
986.30,1.0280e-06
988.83,1.0227e-06
991.37,1.0175e-06
993.91,1.0123e-06
996.46,1.0071e-06
999.02,1.0020e-06
1001.58,9.9685e-07
1004.15,9.9175e-07
1006.72,9.8668e-07
1009.31,9.8164e-07
1011.90,9.7662e-07
1014.49,9.7163e-07
1017.09,9.6667e-07
1019.70,9.6173e-07
1022.32,9.5681e-07
1024.94,9.5192e-07
1027.57,9.4706e-07
1030.21,9.4222e-07
1032.85,9.3740e-07
1035.50,9.3261e-07
1038.16,9.2784e-07
1040.82,9.2310e-07
1043.49,9.1838e-07
1046.17,9.1369e-07
1048.85,9.0902e-07
1051.54,9.0437e-07
1054.24,8.9975e-07
1056.94,8.9515e-07
1059.65,8.9058e-07
1062.37,8.8603e-07
1065.10,8.8150e-07
1067.83,8.7699e-07
1070.57,8.7251e-07
1073.32,8.6805e-07
1076.07,8.6361e-07
1078.83,8.5920e-07
1081.60,8.5481e-07
1084.37,8.5044e-07
1087.15,8.4609e-07
1089.94,8.4177e-07
1092.74,8.3747e-07
1095.54,8.3319e-07
1098.35,8.2893e-07
1101.17,8.2469e-07
1103.99,8.2048e-07
1106.83,8.1628e-07
1109.67,8.1211e-07
1112.51,8.0796e-07
1115.37,8.0383e-07
1118.23,7.9972e-07
1121.10,7.9564e-07
1123.97,7.9157e-07
1126.86,7.8752e-07
1129.75,7.8350e-07
1132.64,7.7949e-07
1135.55,7.7551e-07
1138.46,7.7155e-07
1141.38,7.6760e-07
1144.31,7.6368e-07
1147.25,7.5978e-07
1150.19,7.5589e-07
1153.14,7.5203e-07
1156.10,7.4819e-07
1159.06,7.4436e-07
1162.04,7.4056e-07
1165.02,7.3677e-07
1168.01,7.3301e-07
1171.00,7.2926e-07
1174.01,7.2553e-07
1177.02,7.2183e-07
1180.04,7.1814e-07
1183.07,7.1447e-07
1186.10,7.1081e-07
1189.14,7.0718e-07
1192.19,7.0357e-07
1195.25,6.9997e-07
1198.32,6.9639e-07
1201.39,6.9283e-07
1204.48,6.8929e-07
1207.56,6.8577e-07
1210.66,6.8227e-07
1213.77,6.7878e-07
1216.88,6.7531e-07
1220.00,6.7186e-07
1223.13,6.6842e-07
1226.27,6.6501e-07
1229.42,6.6161e-07
1232.57,6.5823e-07
1235.73,6.5486e-07
1238.90,6.5152e-07
1242.08,6.4819e-07
1245.27,6.4487e-07
1248.46,6.4158e-07
1251.66,6.3830e-07
1254.88,6.3504e-07
1258.09,6.3179e-07
1261.32,6.2856e-07
1264.56,6.2535e-07
1267.80,6.2215e-07
1271.05,6.1897e-07
1274.31,6.1581e-07
1277.58,6.1266e-07
1280.86,6.0953e-07
1284.15,6.0642e-07
1287.44,6.0332e-07
1290.74,6.0023e-07
1294.05,5.9717e-07
1297.37,5.9411e-07
1300.70,5.9108e-07
1304.04,5.8806e-07
1307.38,5.8505e-07
1310.74,5.8206e-07
1314.10,5.7909e-07
1317.47,5.7613e-07
1320.85,5.7318e-07
1324.24,5.7025e-07
1327.64,5.6734e-07
1331.04,5.6444e-07
1334.46,5.6155e-07
1337.88,5.5868e-07
1341.31,5.5583e-07
1344.75,5.5299e-07
1348.20,5.5016e-07
1351.66,5.4735e-07
1355.13,5.4455e-07
1358.61,5.4177e-07
1362.09,5.3900e-07
1365.58,5.3624e-07
1369.09,5.3350e-07
1372.60,5.3078e-07
1376.12,5.2806e-07
1379.65,5.2537e-07
1383.19,5.2268e-07
1386.74,5.2001e-07
1390.30,5.1735e-07
1393.86,5.1471e-07
1397.44,5.1208e-07
1401.02,5.0946e-07
1404.62,5.0686e-07
1408.22,5.0426e-07
1411.83,5.0169e-07
1415.46,4.9912e-07
1419.09,4.9657e-07
1422.73,4.9403e-07
1426.38,4.9151e-07
1430.04,4.8900e-07
1433.70,4.8650e-07
1437.38,4.8401e-07
1441.07,4.8154e-07
1444.77,4.7908e-07
1448.47,4.7663e-07
1452.19,4.7419e-07
1455.91,4.7177e-07
1459.65,4.6936e-07
1463.39,4.6696e-07
1467.15,4.6457e-07
1470.91,4.6220e-07
1474.68,4.5984e-07
1478.47,4.5749e-07
1482.26,4.5515e-07
1486.06,4.5282e-07
1489.87,4.5051e-07
1493.70,4.4820e-07
1497.53,4.4591e-07
1501.37,4.4363e-07
1505.22,4.4137e-07
1509.08,4.3911e-07
1512.95,4.3687e-07
1516.83,4.3463e-07
1520.73,4.3241e-07
1524.63,4.3020e-07
1528.54,4.2800e-07
1532.46,4.2582e-07
1536.39,4.2364e-07
1540.33,4.2147e-07
1544.28,4.1932e-07
1548.24,4.1718e-07
1552.22,4.1505e-07
1556.20,4.1292e-07
1560.19,4.1081e-07
1564.19,4.0871e-07
1568.21,4.0663e-07
1572.23,4.0455e-07
1576.26,4.0248e-07
1580.31,4.0042e-07
1584.36,3.9838e-07
1588.42,3.9634e-07
1592.50,3.9431e-07
1596.58,3.9230e-07
1600.68,3.9029e-07
1604.79,3.8830e-07
1608.90,3.8631e-07
1613.03,3.8434e-07
1617.17,3.8238e-07
1621.32,3.8042e-07
1625.48,3.7848e-07
1629.65,3.7654e-07
1633.83,3.7462e-07
1638.02,3.7270e-07
1642.22,3.7080e-07
1646.43,3.6890e-07
1650.66,3.6702e-07
1654.89,3.6514e-07
1659.13,3.6328e-07
1663.39,3.6142e-07
1667.66,3.5957e-07
1671.94,3.5773e-07
1676.23,3.5591e-07
1680.53,3.5409e-07
1684.84,3.5228e-07
1689.16,3.5048e-07
1693.49,3.4869e-07
1697.84,3.4690e-07
1702.19,3.4513e-07
1706.56,3.4337e-07
1710.94,3.4161e-07
1715.33,3.3987e-07
1719.73,3.3813e-07
1724.14,3.3640e-07
1728.56,3.3468e-07
1732.99,3.3297e-07
1737.44,3.3127e-07
1741.90,3.2958e-07
1746.37,3.2789e-07
1750.85,3.2622e-07
1755.34,3.2455e-07
1759.84,3.2289e-07
1764.35,3.2124e-07
1768.88,3.1960e-07
1773.42,3.1796e-07
1777.97,3.1634e-07
1782.53,3.1472e-07
1787.10,3.1311e-07
1791.69,3.1151e-07
1796.28,3.0992e-07
1800.89,3.0834e-07
1805.51,3.0676e-07
1810.14,3.0519e-07
1814.79,3.0363e-07
1819.44,3.0208e-07
1824.11,3.0054e-07
1828.79,2.9900e-07
1833.48,2.9747e-07
1838.18,2.9595e-07
1842.90,2.9444e-07
1847.63,2.9294e-07
1852.37,2.9144e-07
1857.12,2.8995e-07
1861.88,2.8847e-07
1866.66,2.8699e-07
1871.45,2.8553e-07
1876.25,2.8407e-07
1881.06,2.8261e-07
1885.89,2.8117e-07
1890.72,2.7973e-07
1895.57,2.7830e-07
1900.44,2.7688e-07
1905.31,2.7547e-07
1910.20,2.7406e-07
1915.10,2.7266e-07
1920.01,2.7126e-07
1924.94,2.6988e-07
1929.88,2.6850e-07
1934.83,2.6713e-07
1939.79,2.6576e-07
1944.77,2.6440e-07
1949.75,2.6305e-07
1954.76,2.6171e-07
1959.77,2.6037e-07
1964.80,2.5904e-07
1969.84,2.5771e-07
1974.89,2.5640e-07
1979.96,2.5509e-07
1985.04,2.5378e-07
1990.13,2.5249e-07
1995.23,2.5120e-07
2000.35,2.4991e-07
2005.48,2.4863e-07
2010.63,2.4736e-07
2015.79,2.4610e-07
2020.96,2.4484e-07
2026.14,2.4359e-07
2031.34,2.4235e-07
2036.55,2.4111e-07
2041.78,2.3987e-07
2047.01,2.3865e-07
2052.26,2.3743e-07
2057.53,2.3622e-07
2062.81,2.3501e-07
2068.10,2.3381e-07
2073.40,2.3261e-07
2078.72,2.3142e-07
2084.06,2.3024e-07
2089.40,2.2906e-07
2094.76,2.2789e-07
2100.14,2.2673e-07
2105.52,2.2557e-07
2110.93,2.2442e-07
2116.34,2.2327e-07
2121.77,2.2213e-07
2127.21,2.2099e-07
2132.67,2.1986e-07
2138.14,2.1874e-07
2143.63,2.1762e-07
2149.12,2.1651e-07
2154.64,2.1540e-07
2160.16,2.1430e-07
2165.71,2.1321e-07
2171.26,2.1212e-07
2176.83,2.1103e-07
2182.42,2.0995e-07
2188.01,2.0888e-07
2193.63,2.0781e-07
2199.25,2.0675e-07
2204.90,2.0569e-07
2210.55,2.0464e-07
2216.22,2.0360e-07
2221.91,2.0256e-07
2227.61,2.0152e-07
2233.32,2.0049e-07
2239.05,1.9947e-07
2244.80,1.9845e-07
2250.55,1.9743e-07
2256.33,1.9642e-07
2262.12,1.9542e-07
2267.92,1.9442e-07
2273.74,1.9343e-07
2279.57,1.9244e-07
2285.42,1.9146e-07
2291.28,1.9048e-07
2297.16,1.8950e-07
2303.05,1.8854e-07
2308.96,1.8757e-07
2314.88,1.8661e-07
2320.82,1.8566e-07
2326.77,1.8471e-07
2332.74,1.8377e-07
2338.73,1.8283e-07
2344.73,1.8189e-07
2350.74,1.8096e-07
2356.77,1.8004e-07
2362.82,1.7912e-07
2368.88,1.7820e-07
2374.96,1.7729e-07
2381.05,1.7639e-07
2387.16,1.7548e-07
2393.28,1.7459e-07
2399.42,1.7369e-07
2405.58,1.7281e-07
2411.75,1.7192e-07
2417.93,1.7105e-07
2424.14,1.7017e-07
2430.36,1.6930e-07
2436.59,1.6844e-07
2442.84,1.6758e-07
2449.11,1.6672e-07
2455.39,1.6587e-07
2461.69,1.6502e-07
2468.00,1.6418e-07
2474.33,1.6334e-07
2480.68,1.6250e-07
2487.05,1.6167e-07
2493.43,1.6084e-07
2499.82,1.6002e-07
2506.23,1.5920e-07
2512.66,1.5839e-07
2519.11,1.5758e-07
2525.57,1.5678e-07
2532.05,1.5598e-07
2538.55,1.5518e-07
2545.06,1.5438e-07
2551.59,1.5360e-07
2558.13,1.5281e-07
2564.70,1.5203e-07
2571.27,1.5125e-07
2577.87,1.5048e-07
2584.48,1.4971e-07
2591.11,1.4895e-07
2597.76,1.4818e-07
2604.42,1.4743e-07
2611.11,1.4667e-07
2617.80,1.4592e-07
2624.52,1.4518e-07
2631.25,1.4444e-07
2638.00,1.4370e-07
2644.77,1.4296e-07
2651.55,1.4223e-07
2658.36,1.4151e-07
2665.18,1.4078e-07
2672.01,1.4006e-07
2678.87,1.3935e-07
2685.74,1.3863e-07
2692.63,1.3793e-07
2699.54,1.3722e-07
2706.46,1.3652e-07
2713.40,1.3582e-07
2720.37,1.3513e-07
2727.34,1.3444e-07
2734.34,1.3375e-07
2741.35,1.3307e-07
2748.39,1.3239e-07
2755.44,1.3171e-07
2762.51,1.3104e-07
2769.59,1.3037e-07
2776.70,1.2970e-07
2783.82,1.2904e-07
2790.96,1.2838e-07
2798.12,1.2772e-07
2805.30,1.2707e-07
2812.50,1.2642e-07
2819.71,1.2577e-07
2826.94,1.2513e-07
2834.20,1.2449e-07
2841.47,1.2386e-07
2848.76,1.2322e-07
2856.06,1.2259e-07
2863.39,1.2197e-07
2870.74,1.2134e-07
2878.10,1.2072e-07
2885.48,1.2011e-07
2892.89,1.1949e-07
2900.31,1.1888e-07
2907.75,1.1827e-07
2915.21,1.1767e-07
2922.69,1.1707e-07
2930.18,1.1647e-07
2937.70,1.1587e-07
2945.24,1.1528e-07
2952.79,1.1469e-07
2960.37,1.1411e-07
2967.96,1.1352e-07
2975.57,1.1294e-07
2983.21,1.1237e-07
2990.86,1.1179e-07
2998.53,1.1122e-07
3006.22,1.1065e-07
3013.94,1.1009e-07
3021.67,1.0952e-07
3029.42,1.0896e-07
3037.19,1.0841e-07
3044.98,1.0785e-07
3052.79,1.0730e-07
3060.63,1.0675e-07
3068.48,1.0621e-07
3076.35,1.0566e-07
3084.24,1.0512e-07
3092.15,1.0459e-07
3100.08,1.0405e-07
3108.04,1.0352e-07
3116.01,1.0299e-07
3124.00,1.0247e-07
3132.02,1.0194e-07
3140.05,1.0142e-07
3148.11,1.0090e-07
3156.18,1.0039e-07
3164.28,9.9874e-08
3172.40,9.9363e-08
3180.54,9.8855e-08
3188.69,9.8350e-08
3196.87,9.7847e-08
3205.08,9.7347e-08
3213.30,9.6850e-08
3221.54,9.6355e-08
3229.80,9.5862e-08
3238.09,9.5372e-08
3246.40,9.4885e-08
3254.72,9.4400e-08
3263.07,9.3917e-08
3271.44,9.3437e-08
3279.84,9.2960e-08
3288.25,9.2485e-08
3296.69,9.2012e-08
3305.14,9.1542e-08
3313.62,9.1074e-08
3322.12,9.0608e-08
3330.64,9.0145e-08
3339.19,8.9685e-08
3347.75,8.9226e-08
3356.34,8.8770e-08
3364.95,8.8317e-08
3373.58,8.7865e-08
3382.24,8.7416e-08
3390.92,8.6969e-08
3399.61,8.6525e-08
3408.34,8.6083e-08
3417.08,8.5643e-08
3425.84,8.5205e-08
3434.63,8.4769e-08
3443.44,8.4336e-08
3452.28,8.3905e-08
3461.13,8.3476e-08
3470.01,8.3050e-08
3478.91,8.2625e-08
3487.84,8.2203e-08
3496.79,8.1783e-08
3505.76,8.1365e-08
3514.75,8.0949e-08
3523.77,8.0535e-08
3532.81,8.0124e-08
3541.87,7.9714e-08
3550.95,7.9307e-08
3560.06,7.8901e-08
3569.20,7.8498e-08
3578.35,7.8097e-08
3587.53,7.7698e-08
3596.73,7.7301e-08
3605.96,7.6906e-08
3615.21,7.6513e-08
3624.49,7.6121e-08
3633.78,7.5732e-08
3643.11,7.5345e-08
3652.45,7.4960e-08
3661.82,7.4577e-08
3671.21,7.4196e-08
3680.63,7.3817e-08
3690.07,7.3440e-08
3699.54,7.3064e-08
3709.03,7.2691e-08
3718.55,7.2319e-08
3728.09,7.1950e-08
3737.65,7.1582e-08
3747.24,7.1216e-08
3756.85,7.0852e-08
3766.49,7.0490e-08
3776.15,7.0130e-08
3785.84,6.9771e-08
3795.55,6.9415e-08
3805.28,6.9060e-08
3815.05,6.8707e-08
3824.83,6.8356e-08
3834.65,6.8006e-08
3844.48,6.7659e-08
3854.34,6.7313e-08
3864.23,6.6969e-08
3874.15,6.6627e-08
3884.08,6.6286e-08
3894.05,6.5947e-08
3904.04,6.5610e-08
3914.05,6.5275e-08
3924.09,6.4941e-08
3934.16,6.4609e-08
3944.25,6.4279e-08
3954.37,6.3951e-08
3964.51,6.3624e-08
3974.68,6.3299e-08
3984.88,6.2975e-08
3995.10,6.2653e-08
4005.35,6.2333e-08
4015.63,6.2015e-08
4025.93,6.1698e-08
4036.26,6.1382e-08
4046.61,6.1069e-08
4056.99,6.0756e-08
4067.40,6.0446e-08
4077.83,6.0137e-08
4088.29,5.9830e-08
4098.78,5.9524e-08
4109.29,5.9220e-08
4119.84,5.8917e-08
4130.41,5.8616e-08
4141.00,5.8316e-08
4151.62,5.8018e-08
4162.27,5.7722e-08
4172.95,5.7427e-08
4183.66,5.7133e-08
4194.39,5.6841e-08
4205.15,5.6551e-08
4215.94,5.6262e-08
4226.75,5.5974e-08
4237.59,5.5688e-08
4248.46,5.5403e-08
4259.36,5.5120e-08
4270.29,5.4838e-08
4281.24,5.4558e-08
4292.23,5.4279e-08
4303.24,5.4002e-08
4314.28,5.3726e-08
4325.34,5.3451e-08
4336.44,5.3178e-08
4347.56,5.2906e-08
4358.72,5.2636e-08
4369.90,5.2367e-08
4381.11,5.2099e-08
4392.35,5.1833e-08
4403.62,5.1568e-08
4414.91,5.1305e-08
4426.24,5.1042e-08
4437.59,5.0781e-08
4448.98,5.0522e-08
4460.39,5.0264e-08
4471.83,5.0007e-08
4483.30,4.9751e-08
4494.80,4.9497e-08
4506.34,4.9244e-08
4517.90,4.8992e-08
4529.48,4.8742e-08
4541.10,4.8493e-08
4552.75,4.8245e-08
4564.43,4.7998e-08
4576.14,4.7753e-08
4587.88,4.7509e-08
4599.65,4.7266e-08
4611.45,4.7025e-08
4623.28,4.6784e-08
4635.14,4.6545e-08
4647.03,4.6307e-08
4658.95,4.6071e-08
4670.90,4.5835e-08
4682.89,4.5601e-08
4694.90,4.5368e-08
4706.94,4.5136e-08
4719.02,4.4905e-08
4731.12,4.4676e-08
4743.26,4.4447e-08
4755.43,4.4220e-08
4767.63,4.3994e-08
4779.86,4.3769e-08
4792.12,4.3546e-08
4804.41,4.3323e-08
4816.74,4.3102e-08
4829.09,4.2881e-08
4841.48,4.2662e-08
4853.90,4.2444e-08
4866.35,4.2227e-08
4878.84,4.2011e-08
4891.35,4.1797e-08
4903.90,4.1583e-08
4916.48,4.1371e-08
4929.09,4.1159e-08
4941.74,4.0949e-08
4954.41,4.0739e-08
4967.12,4.0531e-08
4979.87,4.0324e-08
4992.64,4.0118e-08
5005.45,3.9913e-08
5018.29,3.9709e-08
5031.16,3.9506e-08
5044.07,3.9304e-08
5057.01,3.9103e-08
5069.98,3.8903e-08
5082.99,3.8705e-08
5096.03,3.8507e-08
5109.10,3.8310e-08
5122.21,3.8114e-08
5135.35,3.7919e-08
5148.52,3.7726e-08
5161.73,3.7533e-08
5174.97,3.7341e-08
5188.24,3.7150e-08
5201.55,3.6960e-08
5214.90,3.6771e-08
5228.27,3.6583e-08
5241.69,3.6396e-08
5255.13,3.6210e-08
5268.61,3.6025e-08
5282.13,3.5841e-08
5295.68,3.5658e-08
5309.27,3.5476e-08
5322.89,3.5294e-08
5336.54,3.5114e-08
5350.23,3.4935e-08
5363.95,3.4756e-08
5377.72,3.4578e-08
5391.51,3.4402e-08
5405.34,3.4226e-08
5419.21,3.4051e-08
5433.11,3.3877e-08
5447.05,3.3704e-08
5461.02,3.3531e-08
5475.03,3.3360e-08
5489.07,3.3190e-08
5503.16,3.3020e-08
5517.27,3.2851e-08
5531.43,3.2683e-08
5545.62,3.2516e-08
5559.84,3.2350e-08
5574.11,3.2185e-08
5588.40,3.2020e-08
5602.74,3.1857e-08
5617.11,3.1694e-08
5631.52,3.1532e-08
5645.97,3.1371e-08
5660.45,3.1210e-08
5674.97,3.1051e-08
5689.53,3.0892e-08
5704.13,3.0734e-08
5718.76,3.0577e-08
5733.43,3.0421e-08
5748.14,3.0265e-08
5762.88,3.0111e-08
5777.67,2.9957e-08
5792.49,2.9804e-08
5807.35,2.9651e-08
5822.25,2.9500e-08
5837.18,2.9349e-08
5852.16,2.9199e-08
5867.17,2.9050e-08
5882.22,2.8901e-08
5897.31,2.8754e-08
5912.44,2.8607e-08
5927.61,2.8460e-08
5942.81,2.8315e-08
5958.06,2.8170e-08
5973.34,2.8026e-08
5988.66,2.7883e-08
6004.03,2.7741e-08
6019.43,2.7599e-08
6034.87,2.7458e-08
6050.35,2.7317e-08
6065.87,2.7178e-08
6081.43,2.7039e-08
6097.03,2.6901e-08
6112.68,2.6763e-08
6128.36,2.6626e-08
6144.08,2.6490e-08
6159.84,2.6355e-08
6175.64,2.6220e-08
6191.48,2.6086e-08
6207.37,2.5953e-08
6223.29,2.5820e-08
6239.25,2.5688e-08
6255.26,2.5557e-08
6271.31,2.5426e-08
6287.39,2.5296e-08
6303.52,2.5167e-08
6319.69,2.5038e-08
6335.91,2.4911e-08
6352.16,2.4783e-08
6368.46,2.4657e-08
6384.79,2.4531e-08
6401.17,2.4405e-08
6417.59,2.4280e-08
6434.06,2.4156e-08
6450.56,2.4033e-08
6467.11,2.3910e-08
6483.70,2.3788e-08
6500.33,2.3666e-08
6517.01,2.3545e-08
6533.72,2.3425e-08
6550.49,2.3305e-08
6567.29,2.3186e-08
6584.14,2.3068e-08
6601.03,2.2950e-08
6617.96,2.2832e-08
6634.94,2.2716e-08
6651.96,2.2600e-08
6669.02,2.2484e-08
6686.13,2.2369e-08
6703.28,2.2255e-08
6720.48,2.2141e-08
6737.72,2.2028e-08
6755.00,2.1915e-08
6772.33,2.1803e-08
6789.70,2.1692e-08
6807.12,2.1581e-08
6824.58,2.1471e-08
6842.09,2.1361e-08
6859.64,2.1252e-08
6877.24,2.1143e-08
6894.88,2.1035e-08
6912.57,2.0928e-08
6930.30,2.0821e-08
6948.08,2.0714e-08
6965.91,2.0608e-08
6983.78,2.0503e-08
7001.69,2.0398e-08
7019.65,2.0294e-08
7037.66,2.0190e-08
7055.71,2.0087e-08
7073.81,1.9984e-08
7091.96,1.9882e-08
7110.15,1.9781e-08
7128.39,1.9680e-08
7146.68,1.9579e-08
7165.01,1.9479e-08
7183.39,1.9379e-08
7201.82,1.9280e-08
7220.30,1.9182e-08
7238.82,1.9084e-08
7257.39,1.8986e-08
7276.00,1.8889e-08
7294.67,1.8793e-08
7313.38,1.8697e-08
7332.14,1.8601e-08
7350.95,1.8506e-08
7369.81,1.8411e-08
7388.72,1.8317e-08
7407.67,1.8224e-08
7426.67,1.8131e-08
7445.73,1.8038e-08
7464.83,1.7946e-08
7483.98,1.7854e-08
7503.17,1.7763e-08
7522.42,1.7672e-08
7541.72,1.7582e-08
7561.07,1.7492e-08
7580.46,1.7402e-08
7599.91,1.7313e-08
7619.41,1.7225e-08
7638.95,1.7137e-08
7658.55,1.7049e-08
7678.19,1.6962e-08
7697.89,1.6875e-08
7717.64,1.6789e-08
7737.44,1.6703e-08
7757.29,1.6618e-08
7777.19,1.6533e-08
7797.14,1.6449e-08
7817.14,1.6365e-08
7837.19,1.6281e-08
7857.30,1.6198e-08
7877.45,1.6115e-08
7897.66,1.6033e-08
7917.92,1.5951e-08
7938.23,1.5869e-08
7958.60,1.5788e-08
7979.01,1.5707e-08
7999.48,1.5627e-08
8020.00,1.5547e-08
8040.58,1.5468e-08
8061.20,1.5389e-08
8081.88,1.5310e-08
8102.61,1.5232e-08
8123.40,1.5154e-08
8144.24,1.5076e-08
8165.13,1.4999e-08
8186.08,1.4923e-08
8207.08,1.4846e-08
8228.13,1.4771e-08
8249.24,1.4695e-08
8270.40,1.4620e-08
8291.62,1.4545e-08
8312.89,1.4471e-08
8334.21,1.4397e-08
8355.59,1.4323e-08
8377.03,1.4250e-08
8398.52,1.4177e-08
8420.06,1.4105e-08
8441.66,1.4033e-08
8463.32,1.3961e-08
8485.03,1.3890e-08
8506.79,1.3819e-08
8528.62,1.3748e-08
8550.50,1.3678e-08
8572.43,1.3608e-08
8594.42,1.3538e-08
8616.47,1.3469e-08
8638.57,1.3400e-08
8660.73,1.3332e-08
8682.95,1.3264e-08
8705.22,1.3196e-08
8727.56,1.3128e-08
8749.94,1.3061e-08
8772.39,1.2995e-08
8794.89,1.2928e-08
8817.46,1.2862e-08
8840.08,1.2796e-08
8862.75,1.2731e-08
8885.49,1.2666e-08
8908.28,1.2601e-08
8931.14,1.2537e-08
8954.05,1.2473e-08
8977.02,1.2409e-08
9000.05,1.2346e-08
9023.13,1.2282e-08
9046.28,1.2220e-08
9069.49,1.2157e-08
9092.75,1.2095e-08
9116.08,1.2033e-08
9139.46,1.1972e-08
9162.91,1.1911e-08
9186.42,1.1850e-08
9209.98,1.1789e-08
9233.61,1.1729e-08
9257.29,1.1669e-08
9281.04,1.1609e-08
9304.85,1.1550e-08
9328.72,1.1491e-08
9352.65,1.1432e-08
9376.64,1.1374e-08
9400.70,1.1316e-08
9424.81,1.1258e-08
9448.99,1.1200e-08
9473.23,1.1143e-08
9497.53,1.1086e-08
9521.90,1.1029e-08
9546.32,1.0973e-08
9570.81,1.0917e-08
9595.36,1.0861e-08
9619.98,1.0806e-08
9644.66,1.0750e-08
9669.40,1.0695e-08
9694.20,1.0641e-08
9719.07,1.0586e-08
9744.01,1.0532e-08
9769.00,1.0479e-08
9794.06,1.0425e-08
9819.19,1.0372e-08
9844.38,1.0319e-08
9869.63,1.0266e-08
9894.95,1.0213e-08
9920.33,1.0161e-08
9945.78,1.0109e-08
9971.29,1.0058e-08
9996.87,1.0006e-08
10022.52,9.9551e-09
10048.23,9.9042e-09
10074.01,9.8536e-09
10099.85,9.8033e-09
10125.76,9.7531e-09
10151.73,9.7033e-09
10177.78,9.6537e-09
10203.89,9.6044e-09
10230.06,9.5553e-09
10256.30,9.5064e-09
10282.62,9.4579e-09
10308.99,9.4095e-09
10335.44,9.3614e-09
10361.95,9.3136e-09
10388.53,9.2660e-09
10415.18,9.2186e-09
10441.90,9.1715e-09
10468.69,9.1246e-09
10495.54,9.0780e-09
10522.47,9.0316e-09
10549.46,8.9854e-09
10576.52,8.9395e-09
10603.66,8.8938e-09
10630.86,8.8484e-09
10658.13,8.8031e-09
10685.47,8.7582e-09
10712.88,8.7134e-09
10740.36,8.6689e-09
10767.92,8.6246e-09
10795.54,8.5805e-09
10823.23,8.5366e-09
10851.00,8.4930e-09
10878.83,8.4496e-09
10906.74,8.4064e-09
10934.72,8.3634e-09
10962.77,8.3207e-09
10990.89,8.2782e-09
11019.09,8.2359e-09
11047.36,8.1938e-09
11075.70,8.1519e-09
11104.11,8.1102e-09
11132.59,8.0688e-09
11161.15,8.0275e-09
11189.79,7.9865e-09
11218.49,7.9457e-09
11247.27,7.9051e-09
11276.12,7.8647e-09
11305.05,7.8245e-09
11334.05,7.7845e-09
11363.12,7.7447e-09
11392.27,7.7051e-09
11421.50,7.6657e-09
11450.80,7.6266e-09
11480.17,7.5876e-09
11509.62,7.5488e-09
11539.15,7.5102e-09
11568.75,7.4718e-09
11598.43,7.4336e-09
11628.18,7.3957e-09
11658.01,7.3579e-09
11687.92,7.3202e-09
11717.90,7.2828e-09
11747.96,7.2456e-09
11778.10,7.2086e-09
11808.31,7.1717e-09
11838.60,7.1351e-09
11868.97,7.0986e-09
11899.42,7.0623e-09
11929.95,7.0262e-09
11960.55,6.9903e-09
11991.23,6.9546e-09
12021.99,6.9191e-09
12052.83,6.8837e-09
12083.75,6.8485e-09
12114.75,6.8135e-09
12145.83,6.7787e-09
12176.99,6.7440e-09
12208.23,6.7096e-09
12239.54,6.6753e-09
12270.94,6.6412e-09
12302.42,6.6072e-09
12333.98,6.5735e-09
12365.62,6.5399e-09
12397.34,6.5064e-09
12429.15,6.4732e-09
12461.03,6.4401e-09
12493.00,6.4072e-09
12525.04,6.3744e-09
12557.18,6.3419e-09
12589.39,6.3094e-09
12621.68,6.2772e-09
12654.06,6.2451e-09
12686.52,6.2132e-09
12719.07,6.1814e-09
12751.70,6.1498e-09
12784.41,6.1184e-09
12817.20,6.0871e-09
12850.08,6.0560e-09
12883.05,6.0251e-09
12916.10,5.9943e-09
12949.23,5.9636e-09
12982.45,5.9332e-09
13015.75,5.9028e-09
13049.14,5.8727e-09
13082.62,5.8427e-09
13116.18,5.8128e-09
13149.83,5.7831e-09
13183.56,5.7535e-09
13217.38,5.7241e-09
13251.29,5.6949e-09
13285.28,5.6658e-09
13319.36,5.6368e-09
13353.53,5.6080e-09
13387.79,5.5793e-09
13422.13,5.5508e-09
13456.56,5.5225e-09
13491.08,5.4942e-09
13525.69,5.4661e-09
13560.39,5.4382e-09
13595.17,5.4104e-09
13630.05,5.3828e-09
13665.01,5.3553e-09
13700.07,5.3279e-09
13735.21,5.3006e-09
13770.45,5.2736e-09
13805.77,5.2466e-09
13841.19,5.2198e-09
13876.70,5.1931e-09
13912.30,5.1666e-09
13947.98,5.1402e-09
13983.77,5.1139e-09
14019.64,5.0878e-09
14055.60,5.0618e-09
14091.66,5.0359e-09
14127.81,5.0101e-09
14164.05,4.9845e-09
14200.39,4.9591e-09
14236.81,4.9337e-09
14273.34,4.9085e-09
14309.95,4.8834e-09
14346.66,4.8585e-09
14383.47,4.8336e-09
14420.36,4.8089e-09
14457.36,4.7843e-09
14494.44,4.7599e-09
14531.63,4.7356e-09
14568.90,4.7114e-09
14606.28,4.6873e-09
14643.75,4.6633e-09
14681.31,4.6395e-09
14718.97,4.6158e-09
14756.73,4.5922e-09
14794.59,4.5687e-09
14832.54,4.5454e-09
14870.59,4.5221e-09
14908.74,4.4990e-09
14946.98,4.4760e-09
14985.33,4.4532e-09
15023.77,4.4304e-09
15062.31,4.4077e-09
15100.95,4.3852e-09
15139.69,4.3628e-09
15178.53,4.3405e-09
15217.46,4.3183e-09
15256.50,4.2963e-09
15295.64,4.2743e-09
15334.88,4.2525e-09
15374.22,4.2307e-09
15413.66,4.2091e-09
15453.20,4.1876e-09
15492.84,4.1662e-09
15532.58,4.1449e-09
15572.43,4.1237e-09
15612.38,4.1026e-09
15652.43,4.0817e-09
15692.58,4.0608e-09
15732.84,4.0400e-09
15773.20,4.0194e-09
15813.66,3.9989e-09
15854.23,3.9784e-09
15894.90,3.9581e-09
15935.67,3.9379e-09
15976.55,3.9177e-09
16017.54,3.8977e-09
16058.63,3.8778e-09
16099.82,3.8580e-09
16141.12,3.8382e-09
16182.53,3.8186e-09
16224.04,3.7991e-09
16265.66,3.7797e-09
16307.39,3.7604e-09
16349.22,3.7412e-09
16391.16,3.7220e-09
16433.21,3.7030e-09
16475.37,3.6841e-09
16517.63,3.6653e-09
16560.00,3.6465e-09
16602.49,3.6279e-09
16645.08,3.6093e-09
16687.78,3.5909e-09
16730.58,3.5725e-09
16773.50,3.5543e-09
16816.53,3.5361e-09
16859.67,3.5180e-09
16902.92,3.5001e-09
16946.28,3.4822e-09
16989.76,3.4644e-09
17033.34,3.4467e-09
17077.04,3.4291e-09
17120.84,3.4115e-09
17164.76,3.3941e-09
17208.80,3.3768e-09
17252.94,3.3595e-09
17297.20,3.3423e-09
17341.57,3.3252e-09
17386.06,3.3082e-09
17430.66,3.2913e-09
17475.38,3.2745e-09
17520.21,3.2578e-09
17565.15,3.2411e-09
17610.21,3.2246e-09
17655.39,3.2081e-09
17700.68,3.1917e-09
17746.09,3.1754e-09
17791.61,3.1591e-09
17837.25,3.1430e-09
17883.01,3.1269e-09
17928.88,3.1110e-09
17974.88,3.0951e-09
18020.99,3.0792e-09
18067.22,3.0635e-09
18113.56,3.0478e-09
18160.03,3.0323e-09
18206.62,3.0168e-09
18253.32,3.0013e-09
18300.15,2.9860e-09
18347.09,2.9707e-09
18394.16,2.9556e-09
18441.35,2.9405e-09
18488.65,2.9254e-09
18536.08,2.9105e-09
18583.63,2.8956e-09
18631.31,2.8808e-09
18679.10,2.8661e-09
18727.02,2.8514e-09
18775.06,2.8369e-09
18823.22,2.8224e-09
18871.51,2.8079e-09
18919.92,2.7936e-09
18968.46,2.7793e-09
19017.12,2.7651e-09
19065.90,2.7510e-09
19114.81,2.7369e-09
19163.85,2.7229e-09
19213.01,2.7090e-09
19262.30,2.6952e-09
19311.71,2.6814e-09
19361.25,2.6677e-09
19410.92,2.6540e-09
19460.71,2.6405e-09
19510.63,2.6270e-09
19560.69,2.6136e-09
19610.86,2.6002e-09
19661.17,2.5869e-09
19711.61,2.5737e-09
19762.18,2.5605e-09
19812.87,2.5474e-09
19863.70,2.5344e-09
19914.65,2.5215e-09
19965.74,2.5086e-09
20016.96,2.4958e-09
20068.31,2.4830e-09
20119.79,2.4703e-09
20171.40,2.4577e-09
20223.15,2.4451e-09
20275.03,2.4326e-09
20327.04,2.4202e-09
20379.18,2.4078e-09
20431.46,2.3955e-09
20483.88,2.3833e-09
20536.42,2.3711e-09
20589.11,2.3590e-09
20641.92,2.3469e-09
20694.88,2.3349e-09
20747.96,2.3230e-09
20801.19,2.3111e-09
20854.55,2.2993e-09
20908.05,2.2876e-09
20961.68,2.2759e-09
21015.46,2.2642e-09
21069.37,2.2527e-09
21123.42,2.2412e-09
21177.61,2.2297e-09
21231.93,2.2183e-09
21286.40,2.2070e-09
21341.01,2.1957e-09
21395.75,2.1845e-09
21450.64,2.1733e-09
21505.67,2.1622e-09
21560.83,2.1511e-09
21616.14,2.1401e-09
21671.60,2.1292e-09
21727.19,2.1183e-09
21782.93,2.1075e-09
21838.81,2.0967e-09
21894.83,2.0860e-09
21951.00,2.0754e-09
22007.31,2.0647e-09
22063.76,2.0542e-09
22120.36,2.0437e-09
22177.11,2.0332e-09
22234.00,2.0229e-09
22291.04,2.0125e-09
22348.22,2.0022e-09
22405.55,1.9920e-09
22463.03,1.9818e-09
22520.65,1.9717e-09
22578.43,1.9616e-09
22636.35,1.9516e-09
22694.42,1.9416e-09
22752.63,1.9317e-09
22811.00,1.9218e-09
22869.52,1.9120e-09
22928.19,1.9022e-09
22987.00,1.8925e-09
23045.97,1.8828e-09
23105.09,1.8732e-09
23164.36,1.8636e-09
23223.79,1.8541e-09
23283.36,1.8446e-09
23343.09,1.8352e-09
23402.97,1.8258e-09
23463.01,1.8165e-09
23523.20,1.8072e-09
23583.54,1.7980e-09
23644.04,1.7888e-09
23704.70,1.7796e-09
23765.51,1.7705e-09
23826.47,1.7615e-09
23887.59,1.7525e-09
23948.87,1.7435e-09
24010.31,1.7346e-09
24071.90,1.7258e-09
24133.66,1.7169e-09
24195.57,1.7082e-09
24257.63,1.6994e-09
24319.86,1.6907e-09
24382.25,1.6821e-09
24444.80,1.6735e-09
24507.51,1.6650e-09
24570.38,1.6564e-09
24633.41,1.6480e-09
24696.60,1.6396e-09
24759.95,1.6312e-09
24823.47,1.6228e-09
24887.15,1.6145e-09
24950.99,1.6063e-09
25015.00,1.5981e-09
25079.17,1.5899e-09
25143.51,1.5818e-09
25208.01,1.5737e-09
25272.67,1.5657e-09
25337.51,1.5577e-09
25402.50,1.5497e-09
25467.67,1.5418e-09
25533.00,1.5339e-09
25598.50,1.5261e-09
25664.17,1.5183e-09
25730.01,1.5105e-09
25796.01,1.5028e-09
25862.19,1.4951e-09
25928.53,1.4875e-09
25995.04,1.4799e-09
26061.73,1.4723e-09
26128.59,1.4648e-09
26195.61,1.4573e-09
26262.81,1.4498e-09
26330.19,1.4424e-09
26397.73,1.4350e-09
26465.45,1.4277e-09
26533.34,1.4204e-09
26601.41,1.4132e-09
26669.65,1.4059e-09
26738.06,1.3988e-09
26806.65,1.3916e-09
26875.42,1.3845e-09
26944.37,1.3774e-09
27013.49,1.3704e-09
27082.78,1.3634e-09
27152.26,1.3564e-09
27221.91,1.3495e-09
27291.75,1.3426e-09
27361.76,1.3357e-09
27431.95,1.3289e-09
27502.32,1.3221e-09
27572.87,1.3153e-09
27643.60,1.3086e-09
27714.52,1.3019e-09
27785.62,1.2953e-09
27856.89,1.2886e-09
27928.36,1.2821e-09
