10050,3.29775E-5
10060,2.35482E-5
10070,2.60136E-6
10080,1.00941E-5
10090,5.41753E-6
10100,9.53938E-7
10110,1.96221E-5
10120,1.00275E-5
10130,-7.38718E-7
10140,-1.79183E-5
10150,1.06263E-5
10160,-3.91209E-6
10170,-7.12243E-8
10180,1.36036E-6
10190,2.01169E-5
10200,3.77391E-6
10210,2.05888E-6
10220,9.87941E-7
10230,-6.94845E-7
10240,1.14562E-5
10250,5.82978E-6
10260,2.32928E-6
10270,9.82321E-6
10280,1.38213E-5
10290,3.4795E-5
10300,6.00186E-5
10310,6.21183E-5
10320,8.27749E-5
10330,9.64233E-5
10340,9.70867E-5
10350,6.53801E-5
10360,4.54622E-5
10370,5.53302E-5
10380,7.08767E-5
10390,3.97891E-5
10400,1.31515E-5
10410,8.45304E-6
10420,2.62515E-6
10430,4.23251E-6
10440,3.36825E-6
10450,-7.40027E-6
10460,2.56888E-6
10470,4.33548E-6
10480,-1.6019E-6
10490,9.41993E-7
10500,1.73777E-5
10510,1.30811E-6
10520,-6.71956E-6
10530,5.13262E-6
10540,1.78679E-5
10550,-1.26526E-5
10560,-8.7236E-6
10570,1.06036E-5
10580,4.77757E-6
10590,1.38815E-5
10600,1.11331E-5
10610,2.66497E-6
10620,1.92374E-5
10630,3.95896E-5
10640,4.36207E-5
10650,4.22531E-5
10660,4.98399E-5
10670,4.26406E-5
10680,5.54419E-5
10690,6.09232E-5
10700,3.15881E-5
10710,1.97839E-5
10720,3.64971E-5
10730,3.74423E-5
10740,1.57712E-5
10750,3.94144E-6
10760,2.39331E-5
10770,1.24412E-5
10780,-6.43334E-6
10790,6.28231E-6
10800,8.45731E-6
10810,6.50083E-6
10820,2.01264E-5
10830,3.07561E-5
10840,1.02397E-5
10850,1.25406E-5
10860,9.68041E-6
10870,9.83578E-6
10880,4.85015E-5
10890,3.29122E-5
10900,1.14204E-5
10910,1.97932E-5
10920,5.29691E-5
10930,4.56222E-5
10940,2.57983E-5
10950,4.50377E-5
10960,5.53384E-5
10970,6.02872E-5
10980,7.49306E-5
10990,8.21033E-5
11000,8.7633E-5
11010,9.33743E-5
11020,9.79928E-5
11030,8.83549E-5
11040,7.6498E-5
11050,6.56141E-5
11060,5.90613E-5
11070,5.96768E-5
11080,5.55599E-5
11090,4.76336E-5
11100,4.73189E-5
11110,2.7105E-5
11120,2.58793E-5
11130,3.38589E-5
11140,4.83327E-5
11150,3.39877E-5
11160,6.04316E-6
11170,1.49593E-5
11180,2.54641E-5
11190,4.15828E-5
11200,3.40035E-5
11210,1.83532E-5
11220,2.51304E-5
11230,3.599E-5
11240,4.21876E-5
11250,6.02102E-5
11260,6.97388E-5
11270,7.49311E-5
11280,7.72843E-5
11290,8.76061E-5
11300,1.067E-4
11310,1.27037E-4
11320,1.21881E-4
11330,1.3558E-4
11340,1.40605E-4
11350,1.31245E-4
11360,1.38265E-4
11370,1.69696E-4
11380,1.58543E-4
11390,1.60721E-4
11400,1.59723E-4
11410,1.5769E-4
11420,1.87373E-4
11430,2.25684E-4
11440,2.29919E-4
11450,2.39796E-4
11460,2.7983E-4
11470,3.39182E-4
11480,4.01515E-4
11490,4.89418E-4
11500,6.12457E-4
11510,7.55067E-4
11520,9.73471E-4
11530,0.00128601
11540,0.0017303
11550,0.00240631
11560,0.00341708
11570,0.00490698
11580,0.00729419
11590,0.0112671
11600,0.0179204
11610,0.0290797
11620,0.047143
11630,0.0773989
11640,0.122657
11650,0.182646
11660,0.253948
11670,0.335103
11680,0.425895
11690,0.522935
11700,0.617499
11710,0.693332
11720,0.742611
11730,0.767674
11740,0.778326
11750,0.781037
11760,0.782323
11770,0.783976
11780,0.784051
11790,0.782435
11800,0.781711
11810,0.780048
11820,0.779578
11830,0.779639
11840,0.779844
11850,0.779745
11860,0.779452
11870,0.780485
11880,0.781351
11890,0.780884
11900,0.781443
11910,0.782368
11920,0.782362
11930,0.78243
11940,0.78227
11950,0.782671
11960,0.784063
11970,0.784968
11980,0.786022
11990,0.786486
12000,0.78704
12010,0.787654
12020,0.788255
12030,0.788736
12040,0.78884
12050,0.788729
12060,0.788559
12070,0.788931
12080,0.789042
12090,0.788905
12100,0.789562
12110,0.79013
12120,0.790717
12130,0.790258
12140,0.789156
12150,0.788575
12160,0.788235
12170,0.787321
12180,0.78646
12190,0.784852
12200,0.78337
12210,0.78286
12220,0.782612
12230,0.782343
12240,0.782342
12250,0.783013
12260,0.783957
12270,0.786674
12280,0.788431
12290,0.789238
12300,0.790952
12310,0.792074
12320,0.792456
12330,0.792047
12340,0.792184
12350,0.790875
12360,0.789635
12370,0.788285
12380,0.786847
12390,0.785284
12400,0.784368
12410,0.783928
12420,0.784597
12430,0.784983
12440,0.785269
12450,0.786658
12460,0.788062
12470,0.789711
12480,0.791167
12490,0.792596
12500,0.794362
12510,0.795403
12520,0.796627
12530,0.796646
12540,0.796006
12550,0.796093
12560,0.796199
12570,0.795536
12580,0.795874
12590,0.795308
12600,0.795831
12610,0.796089
12620,0.796088
12630,0.796749
12640,0.796526
12650,0.796341
12660,0.79739
12670,0.798764
12680,0.798834
12690,0.798728
12700,0.797975
12710,0.798214
12720,0.798106
12730,0.797009
12740,0.79602
12750,0.795908
12760,0.795329
12770,0.795352
12780,0.795137
12790,0.794837
12800,0.794838
12810,0.795365
12820,0.796118
12830,0.796725
12840,0.796436
12850,0.796899
12860,0.797375
12870,0.795985
12880,0.796677
12890,0.795867
12900,0.794953
12910,0.793742
12920,0.793272
12930,0.792744
12940,0.7902
12950,0.789377
12960,0.788811
12970,0.788925
12980,0.789112
12990,0.788541
13000,0.789417
13010,0.790784
13020,0.791764
13030,0.792377
13040,0.79255
13050,0.793526
13060,0.7948
13070,0.79556
13080,0.796436
13090,0.796266
13100,0.795849
13110,0.796579
13120,0.79657
13130,0.79644
13140,0.795702
13150,0.794319
13160,0.794798
13170,0.794116
13180,0.793661
13190,0.793843
13200,0.79418
13210,0.795166
13220,0.795497
13230,0.795628
13240,0.795695
13250,0.79722
13260,0.799468
13270,0.798992
13280,0.799313
13290,0.800641
13300,0.80043
13310,0.802717
13320,0.802848
13330,0.802136
13340,0.803382
13350,0.803415
13360,0.804835
13370,0.803885
13380,0.804598
13390,0.803927
13400,0.804319
13410,0.804519
13420,0.80494
13430,0.804172
13440,0.804358
13450,0.803403
13460,0.803859
13470,0.803221
13480,0.802466
13490,0.803064
13500,0.799604
13510,0.800775
13520,0.800438
13530,0.801068
13540,0.800687
13550,0.79958
13560,0.79936
13570,0.799198
13580,0.800801
13590,0.801965
13600,0.800554
13610,0.803049
13620,0.802404
13630,0.801392
13640,0.800958
13650,0.801206
13660,0.801425
13670,0.800928
13680,0.800844
13690,0.802345
13700,0.801978
13710,0.802489
13720,0.802014
13730,0.80103
13740,0.800826
13750,0.799516
13760,0.800686
13770,0.800105
13780,0.798763
13790,0.797611
13800,0.797883
13810,0.797171
13820,0.796257
13830,0.796293
13840,0.796908
13850,0.79642
13860,0.796476
13870,0.796873
13880,0.796771
13890,0.798005
13900,0.796555
13910,0.794926
13920,0.794529
13930,0.794073
13940,0.794651
13950,0.795454
13960,0.793331
13970,0.790378
13980,0.788238
13990,0.785842
14000,0.78632
14010,0.788277
14020,0.786458
14030,0.786182
14040,0.787047
14050,0.785906
14060,0.785579
14070,0.786309
14080,0.786931
14090,0.788244
14100,0.787904
14110,0.788225
14120,0.78891
14130,0.789148
14140,0.791221
14150,0.791245
14160,0.791276
14170,0.790175
14180,0.790909
14190,0.791209
14200,0.790176
14210,0.789562
14220,0.789113
14230,0.788549
14240,0.788407
14250,0.787497
14260,0.786392
14270,0.785607
14280,0.786266
14290,0.785676
14300,0.785379
14310,0.785402
14320,0.785268
14330,0.785639
14340,0.786103
14350,0.786845
14360,0.787313
14370,0.787584
14380,0.788313
14390,0.789287
14400,0.788842
14410,0.78803
14420,0.788528
14430,0.789083
14440,0.788657
14450,0.786762
14460,0.787027
14470,0.786253
14480,0.785422
14490,0.785195
14500,0.784706
14510,0.784343
14520,0.783224
14530,0.783592
14540,0.783153
14550,0.782229
14560,0.782916
14570,0.783979
14580,0.784777
14590,0.784747
14600,0.78547
14610,0.785825
14620,0.78592
14630,0.786341
14640,0.78591
14650,0.786371
14660,0.787023
14670,0.786718
14680,0.786442
14690,0.78681
14700,0.786047
14710,0.785411
14720,0.784529
14730,0.784887
14740,0.784702
14750,0.784267
14760,0.783967
14770,0.78294
14780,0.782713
14790,0.782383
14800,0.780637
14810,0.781263
14820,0.780865
14830,0.781166
14840,0.781393
14850,0.781037
14860,0.781309
14870,0.781494
14880,0.781397
14890,0.781102
14900,0.781663
14910,0.781578
14920,0.780643
14930,0.781457
14940,0.781704
14950,0.781268
14960,0.781738
14970,0.781296
14980,0.782106
14990,0.782643
15000,0.783382
15010,0.782823
15020,0.78234
15030,0.783409
15040,0.783055
15050,0.784456
15060,0.784017
15070,0.784772
15080,0.784834
15090,0.784374
15100,0.784367
15110,0.784323
15120,0.784442
15130,0.78472
15140,0.783291
15150,0.783165
15160,0.783099
15170,0.782923
15180,0.783842
15190,0.782458
15200,0.782945
15210,0.783194
15220,0.782587
15230,0.783322
15240,0.783771
15250,0.784602
15260,0.785531
15270,0.784905
15280,0.786562
15290,0.786542
15300,0.787266
15310,0.786845
15320,0.785452
15330,0.786534
15340,0.785716
15350,0.785375
15360,0.783864
15370,0.782334
15380,0.781692
15390,0.780091
15400,0.779974
15410,0.777744
15420,0.777652
15430,0.777698
15440,0.776927
15450,0.777469
15460,0.777231
15470,0.776235
15480,0.778788
15490,0.777808
15500,0.779096
15510,0.78025
15520,0.780509
15530,0.78116
15540,0.781029
15550,0.78107
15560,0.778623
15570,0.773911
15580,0.766915
15590,0.75543
15600,0.734989
15610,0.708606
15620,0.674554
15630,0.632318
15640,0.581612
15650,0.524886
15660,0.457571
15670,0.388781
15680,0.319872
15690,0.255905
15700,0.200921
15710,0.154144
15720,0.116208
15730,0.0877936
15740,0.0662085
15750,0.0491438
15760,0.0369241
15770,0.0281526
15780,0.0216914
15790,0.0168255
15800,0.0131181
15810,0.0103172
15820,0.00811073
15830,0.00649488
15840,0.00523367
15850,0.00425303
15860,0.00351173
15870,0.00292037
15880,0.00241528
15890,0.00200596
15900,0.0016958
15910,0.001431
15920,0.00122114
15930,0.00106397
15940,9.19901E-4
15950,7.81917E-4
15960,6.77637E-4
15970,5.83378E-4
15980,5.09182E-4
15990,4.55494E-4
16000,4.15404E-4
16010,3.66374E-4
16020,3.1434E-4
16030,2.87387E-4
16040,2.80649E-4
16050,2.48837E-4
16060,2.17548E-4
16070,2.03375E-4
16080,1.95644E-4
16090,1.63629E-4
16100,1.45327E-4
16110,1.41618E-4
16120,1.23716E-4
16130,1.28041E-4
16140,1.35836E-4
16150,1.18415E-4
16160,9.51341E-5
16170,9.74896E-5
16180,8.83783E-5
16190,8.83746E-5
16200,9.61229E-5
16210,8.65717E-5
16220,7.60299E-5
16230,5.89533E-5
16240,5.33659E-5
16250,6.78718E-5
16260,6.85382E-5
16270,6.26636E-5
16280,6.2443E-5
16290,6.66746E-5
16300,6.1675E-5
16310,6.55795E-5
16320,6.65099E-5
16330,6.64228E-5
16340,8.17229E-5
16350,8.82871E-5
16360,6.51698E-5
16370,5.46542E-5
16380,6.84498E-5
16390,6.83532E-5
16400,8.26576E-5
16410,8.80024E-5
16420,7.46064E-5
16430,7.6816E-5
16440,1.04E-4
16450,1.12825E-4
16460,1.00991E-4
16470,9.03451E-5
16480,1.17888E-4
16490,1.2635E-4
16500,1.29155E-4
16510,1.26262E-4
16520,1.2165E-4
16530,1.24717E-4
16540,1.40138E-4
16550,1.57345E-4
16560,1.6443E-4
16570,1.73575E-4
16580,1.69939E-4
16590,1.71573E-4
16600,2.1121E-4
16610,2.14693E-4
16620,1.92498E-4
16630,1.81127E-4
16640,2.01611E-4
16650,2.04535E-4
16660,1.90974E-4
16670,1.94011E-4
16680,1.86571E-4
16690,1.67939E-4
16700,1.77309E-4
16710,1.76385E-4
16720,1.69852E-4
16730,1.65606E-4
16740,1.86633E-4
16750,1.54701E-4
16760,1.40267E-4
16770,1.44771E-4
16780,1.48027E-4
16790,1.47921E-4
16800,1.52333E-4
16810,1.48293E-4
16820,1.40509E-4
16830,1.3172E-4
16840,1.64328E-4
16850,1.49456E-4
16860,1.4731E-4
16870,1.45379E-4
16880,1.29363E-4
16890,1.34985E-4
16900,1.56279E-4
16910,1.62345E-4
16920,1.35054E-4
16930,1.42277E-4
16940,1.78685E-4
16950,1.73485E-4
