14050,7.39323E-5
14060,7.87152E-5
14070,8.80195E-5
14080,7.98104E-5
14090,8.04887E-5
14100,8.96503E-5
14110,8.68784E-5
14120,8.0046E-5
14130,9.3824E-5
14140,8.66659E-5
14150,8.03055E-5
14160,7.79284E-5
14170,7.65934E-5
14180,7.4442E-5
14190,6.86357E-5
14200,7.16165E-5
14210,6.53319E-5
14220,5.90971E-5
14230,5.90591E-5
14240,5.24493E-5
14250,6.19594E-5
14260,6.99315E-5
14270,6.8377E-5
14280,6.15276E-5
14290,6.08152E-5
14300,6.09746E-5
14310,5.59075E-5
14320,6.0059E-5
14330,7.32291E-5
14340,6.01578E-5
14350,5.73082E-5
14360,6.50065E-5
14370,6.72835E-5
14380,6.99598E-5
14390,7.30334E-5
14400,6.94575E-5
14410,7.03754E-5
14420,7.71861E-5
14430,8.04869E-5
14440,7.7133E-5
14450,8.13834E-5
14460,8.7556E-5
14470,8.60918E-5
14480,8.68341E-5
14490,8.1573E-5
14500,9.2378E-5
14510,9.60159E-5
14520,9.41343E-5
14530,9.52216E-5
14540,9.52347E-5
14550,9.31461E-5
14560,8.73947E-5
14570,9.52506E-5
14580,9.13414E-5
14590,8.86748E-5
14600,9.51156E-5
14610,8.93641E-5
14620,9.07162E-5
14630,8.18078E-5
14640,8.73969E-5
14650,9.07752E-5
14660,9.03505E-5
14670,9.09592E-5
14680,8.78956E-5
14690,9.30295E-5
14700,9.15267E-5
14710,9.45012E-5
14720,1.00035E-4
14730,1.08739E-4
14740,1.14919E-4
14750,1.13776E-4
14760,1.16091E-4
14770,1.24944E-4
14780,1.37812E-4
14790,1.41931E-4
14800,1.4338E-4
14810,1.59024E-4
14820,1.7842E-4
14830,1.89318E-4
14840,2.02388E-4
14850,2.25402E-4
14860,2.42987E-4
14870,2.71876E-4
14880,3.05781E-4
14890,3.4163E-4
14900,3.76218E-4
14910,4.1923E-4
14920,4.76692E-4
14930,5.43016E-4
14940,6.32657E-4
14950,7.22235E-4
14960,8.3504E-4
14970,9.80891E-4
14980,0.00116038
14990,0.00137198
15000,0.00162886
15010,0.00195542
15020,0.00235931
15030,0.00288759
15040,0.00356297
15050,0.00443364
15060,0.00557431
15070,0.00706914
15080,0.00902959
15090,0.0116515
15100,0.0152647
15110,0.0202314
15120,0.0269514
15130,0.0360307
15140,0.0488028
15150,0.0664098
15160,0.0903584
15170,0.121673
15180,0.16406
15190,0.216612
15200,0.280621
15210,0.352135
15220,0.430497
15230,0.511821
15240,0.587219
15250,0.651441
15260,0.700785
15270,0.733658
15280,0.754616
15290,0.765391
15300,0.771366
15310,0.773498
15320,0.773704
15330,0.775868
15340,0.776319
15350,0.7774
15360,0.777375
15370,0.777207
15380,0.777688
15390,0.777066
15400,0.777448
15410,0.775572
15420,0.775593
15430,0.775613
15440,0.774861
15450,0.775547
15460,0.775386
15470,0.774579
15480,0.77736
15490,0.776683
15500,0.7784
15510,0.779675
15520,0.780004
15530,0.78105
15540,0.781216
15550,0.78195
15560,0.78109
15570,0.780006
15580,0.779429
15590,0.779296
15600,0.776952
15610,0.775822
15620,0.774648
15630,0.774038
15640,0.772641
15650,0.774036
15660,0.7729
15670,0.772385
15680,0.773483
15690,0.773353
15700,0.774669
15710,0.774705
15720,0.775934
15730,0.77672
15740,0.777643
15750,0.778683
15760,0.779649
15770,0.780245
15780,0.781533
15790,0.781738
15800,0.781826
15810,0.782136
15820,0.781484
15830,0.782654
15840,0.782676
15850,0.782393
15860,0.782926
15870,0.782079
15880,0.782179
15890,0.782099
15900,0.782078
15910,0.781239
15920,0.781483
15930,0.781931
15940,0.782502
15950,0.782937
15960,0.782629
15970,0.783103
15980,0.783027
15990,0.783
16000,0.78323
16010,0.78256
16020,0.782482
16030,0.783148
16040,0.782419
16050,0.781809
16060,0.782311
16070,0.782183
16080,0.782052
16090,0.781581
16100,0.781176
16110,0.780612
16120,0.780367
16130,0.780822
16140,0.780737
16150,0.781046
16160,0.780457
16170,0.780464
16180,0.780737
16190,0.780862
16200,0.781096
16210,0.78091
16220,0.781695
16230,0.782523
16240,0.782104
16250,0.782253
16260,0.782672
16270,0.782221
16280,0.782626
16290,0.782444
16300,0.782082
16310,0.781973
16320,0.78152
16330,0.781204
16340,0.780994
16350,0.78045
16360,0.779584
16370,0.779287
16380,0.779349
16390,0.778824
16400,0.778509
16410,0.777928
16420,0.77768
16430,0.77797
16440,0.77756
16450,0.777674
16460,0.777349
16470,0.777509
16480,0.778341
16490,0.778532
16500,0.77875
16510,0.779106
16520,0.779805
16530,0.77952
16540,0.780142
16550,0.780608
16560,0.78011
16570,0.780092
16580,0.780571
16590,0.781069
16600,0.780749
16610,0.780577
16620,0.780441
16630,0.77983
16640,0.779561
16650,0.779293
16660,0.778277
16670,0.778633
16680,0.778127
16690,0.777799
16700,0.777958
16710,0.777496
16720,0.777447
16730,0.776989
16740,0.777205
16750,0.776967
16760,0.777256
16770,0.777575
16780,0.777388
16790,0.778106
16800,0.77938
16810,0.779553
16820,0.779726
16830,0.779757
16840,0.780549
16850,0.781729
16860,0.782091
16870,0.781805
16880,0.782595
16890,0.782849
16900,0.783519
16910,0.783055
16920,0.783398
16930,0.783807
16940,0.784092
16950,0.784547
16960,0.78443
16970,0.78396
16980,0.784175
16990,0.784031
17000,0.784885
17010,0.784783
17020,0.78413
17030,0.783649
17040,0.783723
17050,0.784645
17060,0.78347
17070,0.783924
17080,0.78362
17090,0.783484
17100,0.784176
17110,0.784061
17120,0.783598
17130,0.783368
17140,0.78391
17150,0.784952
17160,0.785438
17170,0.78482
17180,0.784194
17190,0.784994
17200,0.785792
17210,0.785695
17220,0.785568
17230,0.784724
17240,0.785605
17250,0.786192
17260,0.785639
17270,0.785329
17280,0.785345
17290,0.785001
17300,0.78512
17310,0.785484
17320,0.784315
17330,0.784088
17340,0.783944
17350,0.78449
17360,0.784243
17370,0.782729
17380,0.782444
17390,0.782518
17400,0.782921
17410,0.782708
17420,0.781887
17430,0.782115
17440,0.782191
17450,0.782179
17460,0.781438
17470,0.781222
17480,0.781511
17490,0.781795
17500,0.782367
17510,0.782486
17520,0.782347
17530,0.782334
17540,0.78349
17550,0.783142
17560,0.782602
17570,0.782911
17580,0.783305
17590,0.783152
17600,0.783254
17610,0.782914
17620,0.782685
17630,0.782858
17640,0.783726
17650,0.783936
17660,0.783709
17670,0.783711
17680,0.783854
17690,0.784347
17700,0.783709
17710,0.784518
17720,0.783213
17730,0.782885
17740,0.783729
17750,0.784404
17760,0.783979
17770,0.782883
17780,0.7843
17790,0.784058
17800,0.783711
17810,0.783621
17820,0.783893
17830,0.784846
17840,0.784943
17850,0.785023
17860,0.784939
17870,0.784102
17880,0.78395
17890,0.784844
17900,0.784615
17910,0.78523
17920,0.784244
17930,0.78518
17940,0.78436
17950,0.785156
17960,0.785355
17970,0.784839
17980,0.785073
17990,0.784786
18000,0.784362
18010,0.784084
18020,0.783829
18030,0.783869
18040,0.783765
18050,0.784564
18060,0.78436
18070,0.784611
18080,0.785576
18090,0.784746
18100,0.78549
18110,0.785304
18120,0.785136
18130,0.786133
18140,0.786126
18150,0.786775
18160,0.787118
18170,0.787223
18180,0.787375
18190,0.787205
18200,0.787899
18210,0.787419
18220,0.787028
18230,0.788158
18240,0.788303
18250,0.788003
18260,0.788258
18270,0.789794
18280,0.790127
18290,0.789555
18300,0.788853
18310,0.788861
18320,0.789785
18330,0.78966
18340,0.789539
18350,0.790136
18360,0.790082
18370,0.789426
18380,0.788893
18390,0.790082
18400,0.790606
18410,0.789082
18420,0.788545
18430,0.78949
18440,0.789241
18450,0.789959
18460,0.789683
18470,0.78983
18480,0.79015
18490,0.790164
18500,0.790147
18510,0.790461
18520,0.790329
18530,0.791048
18540,0.79041
18550,0.790467
18560,0.790872
18570,0.79095
18580,0.791838
18590,0.791957
18600,0.791403
18610,0.791886
18620,0.792465
18630,0.792335
18640,0.791951
18650,0.791845
18660,0.792469
18670,0.792439
18680,0.792756
18690,0.792456
18700,0.79158
18710,0.792136
18720,0.791753
18730,0.792017
18740,0.791057
18750,0.789857
18760,0.789798
18770,0.789741
18780,0.789033
18790,0.788264
18800,0.787586
18810,0.78801
18820,0.788038
18830,0.787704
18840,0.787138
18850,0.786423
18860,0.786751
18870,0.786775
18880,0.78603
18890,0.78557
18900,0.785558
18910,0.785282
18920,0.785147
18930,0.785373
18940,0.78541
18950,0.785458
18960,0.785554
18970,0.784749
18980,0.785456
18990,0.785399
19000,0.78537
19010,0.785298
19020,0.784493
19030,0.784131
19040,0.784657
19050,0.784848
19060,0.783752
19070,0.783136
19080,0.782946
19090,0.782407
19100,0.782332
19110,0.781474
19120,0.780487
19130,0.779686
19140,0.78005
19150,0.779746
19160,0.77902
19170,0.778518
19180,0.777723
19190,0.777697
19200,0.776706
19210,0.776875
19220,0.776562
19230,0.775662
19240,0.775413
19250,0.775848
19260,0.775459
19270,0.77614
19280,0.775399
19290,0.775472
19300,0.775418
19310,0.775149
19320,0.775039
19330,0.774799
19340,0.775624
19350,0.774676
19360,0.775086
19370,0.775903
19380,0.775005
19390,0.775384
19400,0.774859
19410,0.774337
19420,0.773853
19430,0.77327
19440,0.773948
19450,0.77305
19460,0.772543
19470,0.772398
19480,0.77081
19490,0.77159
19500,0.770118
19510,0.769618
19520,0.76913
19530,0.768522
19540,0.76855
19550,0.767581
19560,0.76739
19570,0.766557
19580,0.765805
19590,0.765842
19600,0.766011
19610,0.76534
19620,0.766141
19630,0.764585
19640,0.765535
19650,0.765135
19660,0.766176
19670,0.765197
19680,0.764724
19690,0.765172
19700,0.765396
19710,0.766029
19720,0.764993
19730,0.765353
19740,0.765633
19750,0.764941
19760,0.763977
19770,0.763936
19780,0.763678
19790,0.764162
19800,0.764382
19810,0.763307
19820,0.762961
19830,0.762256
19840,0.762888
19850,0.7612
19860,0.76136
19870,0.761157
19880,0.760521
19890,0.76097
19900,0.76026
19910,0.760623
19920,0.759622
19930,0.759093
19940,0.759408
19950,0.758108
19960,0.757422
19970,0.756707
19980,0.756262
19990,0.755633
20000,0.754983
20010,0.754625
20020,0.752571
20030,0.752001
20040,0.751835
20050,0.749975
20060,0.748331
20070,0.746257
20080,0.743318
20090,0.740312
20100,0.735641
20110,0.726973
20120,0.71708
20130,0.701749
20140,0.683284
20150,0.658185
20160,0.626732
20170,0.58954
20180,0.54755
20190,0.500416
20200,0.44845
20210,0.394375
20220,0.341116
20230,0.291085
20240,0.245152
20250,0.202982
20260,0.166649
20270,0.136019
20280,0.110772
20290,0.0897548
20300,0.0725337
20310,0.0591463
20320,0.0482512
20330,0.0393561
20340,0.0320839
20350,0.0261867
20360,0.0215135
20370,0.0178506
20380,0.0146506
20390,0.0121181
20400,0.0102393
20410,0.00851747
20420,0.00722383
20430,0.00608612
20440,0.00510095
20450,0.00437793
20460,0.00369812
20470,0.00309185
20480,0.00268526
20490,0.00229602
20500,0.00199001
20510,0.00161642
20520,0.00143054
20530,0.00141524
20540,0.0011792
20550,9.15568E-4
20560,8.20442E-4
20570,7.17119E-4
20580,6.9946E-4
20590,4.91356E-4
20600,3.03227E-4
20610,4.69009E-4
20620,4.20228E-4
20630,3.63711E-4
20640,4.54089E-4
20650,4.17373E-4
20660,2.57031E-4
20670,1.50792E-4
20680,1.55075E-4
20690,2.64057E-4
20700,2.90414E-4
20710,4.96491E-5
20720,4.46202E-5
20730,1.71089E-4
20740,1.15189E-4
20750,3.55206E-5
20760,2.46658E-4
20770,-6.40886E-5
20780,2.9269E-5
20790,2.41174E-4
20800,5.7033E-5
20810,-5.88928E-5
20820,3.93991E-5
20830,8.36753E-5
20840,2.52797E-5
20850,8.08937E-5
20860,1.14519E-4
20870,1.01491E-4
20880,1.96291E-4
20890,1.30042E-4
20900,6.6507E-5
20910,-2.46928E-5
20920,-1.17344E-4
20930,-6.723E-5
20940,2.22424E-5
20950,1.15568E-4
20960,7.04467E-5
20970,-1.25533E-4
20980,-3.65619E-5
20990,4.11527E-5
21000,-3.40488E-5
21010,-1.19995E-4
21020,5.84785E-5
21030,-1.61571E-5
21040,1.30578E-4
21050,2.64688E-4
21060,1.33714E-4
21070,-1.11219E-4
21080,1.21877E-5
21090,2.29811E-5
21100,3.7852E-5
21110,2.0528E-4
21120,1.61287E-4
21130,9.59891E-5
21140,1.10717E-4
21150,2.35205E-4
21160,1.33026E-4
21170,7.88886E-6
21180,2.30194E-4
21190,2.62786E-4
21200,2.49745E-5
21210,-2.63215E-5
21220,-2.03839E-5
21230,4.39725E-6
21240,2.30363E-5
21250,1.10835E-4
21260,1.48201E-4
21270,-2.92328E-5
21280,3.16327E-5
21290,2.56206E-5
21300,3.62312E-5
21310,3.1871E-5
21320,1.04125E-4
21330,6.69694E-5
21340,3.44666E-5
21350,9.83981E-5
21360,1.38216E-6
21370,-6.53993E-5
21380,-1.24372E-4
21390,1.83219E-4
21400,1.22586E-4
21410,-5.39949E-5
21420,-9.22186E-5
21430,-2.5946E-5
21440,7.47643E-6
21450,-6.39296E-5
