3026.540000,0.000000
3056.620000,0.000000
3086.710000,0.000000
3116.790000,0.000000
3146.870000,0.000000
3176.940000,0.000000
3207.020000,0.000000
3237.090000,0.000000
3267.160000,0.000000
3296.650000,0.000000
3326.720000,0.000000
3356.780000,0.000000
3386.830000,0.000000
3416.890000,0.000000
3446.940000,0.000000
3476.990000,0.000000
3507.030000,0.000000
3537.070000,0.000000
3567.110000,0.000000
3597.150000,0.000000
3627.180000,0.000000
3657.210000,0.000000
3687.240000,0.000000
3717.260000,0.000000
3747.280000,0.000000
3777.300000,0.000000
3807.880000,0.000000
3837.890000,0.000000
3867.890000,0.000000
3897.900000,0.000000
3927.900000,0.000000
3957.900000,0.000000
3987.890000,0.000000
4017.880000,0.000000
4047.870000,0.000000
4077.850000,0.000000
4107.830000,0.000000
4137.810000,0.000000
4168.340000,0.000000
4198.310000,0.000000
4228.280000,0.000000
4258.240000,0.000000
4288.200000,0.000000
4318.150000,0.000000
4348.100000,0.000000
4378.620000,0.000000
4408.560000,0.000000
4438.500000,0.000000
4468.440000,0.000000
4498.370000,0.000000
4528.300000,0.000000
4558.780000,0.000000
4588.700000,0.000000
4618.620000,0.000000
4648.530000,0.000000
4679.010000,0.000000
4708.910000,0.000000
4738.810000,0.000000
4768.710000,0.000000
4799.160000,0.000000
4829.050000,0.000000
4858.940000,0.000000
4888.820000,0.000000
4919.250000,0.000000
4949.130000,0.000000
4978.990000,0.000000
5009.420000,0.000000
5039.280000,0.000000
5069.130000,0.000000
5099.540000,0.000000
5129.390000,0.000000
5159.230000,0.000000
5189.630000,0.000000
5219.460000,0.000000
5249.290000,0.000000
5279.670000,0.000000
5309.490000,0.000000
5339.870000,0.000000
5369.680000,0.000000
5399.480000,0.000000
5429.840000,0.000000
5459.640000,0.000000
5489.990000,0.000000
5519.770000,0.000000
5550.120000,0.000000
5579.890000,0.000000
5610.230000,0.000000
5639.990000,0.000000
5670.320000,0.000000
5700.070000,0.000000
5730.380000,0.000000
5760.130000,0.000000
5790.430000,0.000000
5820.170000,0.000000
5850.460000,0.000000
5880.190000,0.000000
5910.470000,0.000000
5940.190000,0.000000
5970.460000,0.000000
6000.730000,0.000000
6030.430000,0.000000
6060.680000,0.000000
6090.380000,0.000000
6120.620000,0.000000
6150.860000,0.000000
6180.530000,0.000000
6210.760000,0.000000
6240.990000,0.000007
6270.640000,0.000014
6300.860000,0.000032
6331.060000,0.000084
6360.710000,0.000258
6390.900000,0.000892
6421.090000,0.002593
6451.280000,0.003958
6480.900000,0.003855
6511.070000,0.003834
6541.230000,0.004449
6571.390000,0.005863
6600.990000,0.008509
6631.140000,0.013306
6661.290000,0.021793
6691.420000,0.036756
6721.550000,0.061348
6751.680000,0.100894
6781.240000,0.163461
6811.360000,0.257965
6841.460000,0.375838
6871.570000,0.492415
6901.660000,0.567175
6931.750000,0.589338
6961.830000,0.582489
6991.910000,0.570709
7021.980000,0.565287
7052.050000,0.567930
7082.110000,0.575843
7112.160000,0.585726
7142.200000,0.595391
7172.240000,0.603156
7202.280000,0.606811
7232.300000,0.602731
7262.320000,0.592119
7292.340000,0.576947
7322.340000,0.560809
7352.350000,0.547544
7382.340000,0.539183
7412.330000,0.535874
7442.310000,0.535712
7472.280000,0.535559
7502.250000,0.533629
7532.210000,0.530402
7562.720000,0.527743
7592.670000,0.527386
7622.610000,0.530194
7652.540000,0.534578
7682.470000,0.537745
7712.940000,0.537560
7742.860000,0.533030
7772.770000,0.526069
7802.660000,0.518929
7833.110000,0.513139
7863.000000,0.508134
7892.880000,0.503479
7922.750000,0.498078
7953.160000,0.491208
7983.020000,0.483034
8012.870000,0.474284
8043.270000,0.464883
8073.100000,0.455593
8103.480000,0.446116
8133.310000,0.437420
8163.120000,0.430545
8193.480000,0.425849
8223.280000,0.426230
8253.620000,0.427066
8283.410000,0.422490
8313.740000,0.406675
8343.510000,0.375037
8373.820000,0.324341
8403.570000,0.257819
8433.870000,0.183808
8463.610000,0.120306
8493.890000,0.074306
8523.620000,0.045409
8553.890000,0.028672
8583.590000,0.019041
8613.850000,0.013120
8644.090000,0.009689
8673.780000,0.007693
8704.000000,0.006294
8734.220000,0.005194
8763.890000,0.004398
8794.090000,0.003569
8824.280000,0.002632
8854.470000,0.001807
8884.100000,0.001200
8914.270000,0.000754
8944.440000,0.000495
8974.590000,0.000340
9004.190000,0.000230
9034.330000,0.000171
9064.460000,0.000134
9094.580000,0.000105
9124.690000,0.000093
9154.800000,0.000081
9184.890000,0.000077
9214.430000,0.000080
9244.510000,0.000085
9274.580000,0.000101
9304.650000,0.000119
9334.700000,0.000129
9364.750000,0.000121
9394.780000,0.000085
9424.810000,0.000053
9454.830000,0.000034
9484.840000,0.000021
9514.840000,0.000015
9545.380000,0.000011
9575.370000,0.000000
9605.340000,0.000007
9635.310000,0.000007
9665.260000,0.000006
9695.210000,0.000006
9725.150000,0.000008
9755.630000,0.000010
9785.550000,0.000016
9815.460000,0.000021
9845.370000,0.000014
9875.800000,0.000006
9905.690000,0.000000
9935.560000,0.000000
9965.430000,0.000000
9995.830000,0.000000
10025.700000,0.000000
10055.500000,0.000000
10085.900000,0.000000
10115.700000,0.000000
10146.100000,0.000000
10175.900000,0.000000
10206.200000,0.000000
10236.000000,0.000000
10266.300000,0.000000
10296.100000,0.000000
10326.400000,0.000000
10356.100000,0.000000
10386.400000,0.000000
10416.100000,0.000000
10446.400000,0.000000
10476.600000,0.000000
10506.300000,0.000000
10536.500000,0.000000
10566.200000,0.000000
10596.400000,0.000000
10626.600000,0.000000
10656.800000,0.000000
10686.400000,0.000000
10716.600000,0.000000
10746.700000,0.000000
10776.900000,0.000000
10807.000000,0.000000
10836.600000,0.000000
10866.700000,0.000000
10896.800000,0.000000
10926.900000,0.000000
10957.000000,0.000000
10987.100000,0.000000
11017.100000,0.000000
11047.200000,0.000000
11077.200000,0.000000
11107.200000,0.000000
11137.300000,0.000000
11167.300000,0.000000
11197.300000,0.000000
11227.300000,0.000000
11257.200000,0.000000
11287.200000,0.000000
11317.700000,0.000000
11347.600000,0.000000
11377.600000,0.000000
11407.500000,0.000000
11437.400000,0.000000
11467.800000,0.000000
11497.700000,0.000000
11527.600000,0.000000
11558.000000,0.000000
11587.900000,0.000000
11617.700000,0.000000
11648.100000,0.000000
11677.900000,0.000000
11707.700000,0.000000
11738.000000,0.000000
11767.800000,0.000000
11798.100000,0.000000
11827.900000,0.000000
11858.200000,0.000000
11887.900000,0.000000
11918.200000,0.000000
11948.500000,0.000000
11978.200000,0.000000
12008.400000,0.000000
